,color_image,thermal_image,hotspot_id,hotspot_type,species_id,species_confidence,fog,thermal_x,thermal_y,color_left,color_top,color_right,color_bottom,updated_left,updated_top,updated_right,updated_bottom,updated,status
0,CHESS_FL12_C_160422_001727.393_COLOR-8-BIT.JPG,,PB001,Animal,Polar Bear,,,,,5199,2662,5338,2745,5199,2662,5338,2745,True,adult
1,CHESS_FL12_S_160422_002008.487_COLOR-8-BIT.JPG,,PB001,Animal,Polar Bear,,,,,4120,312,4180,446,4120,312,4180,446,True,adult
2,CHESS_FL19_S_160510_221428.054_COLOR-8-BIT.JPG,,PB002,Animal,Polar Bear,,,,,3984,874,4010,923,3984,874,4010,923,True,adult-bad_res
3,CHESS_FL19_S_160510_221428.054_COLOR-8-BIT.JPG,,PB002s,Animal,Polar Bear,,,,,3984,874,4017,928,3984,874,4017,928,True,adult-bad_res
4,CHESS_FL20_C_160511_234351.795_COLOR-8-BIT.JPG,,PB003,Animal,Polar Bear,,,,,4423,1175,4476,1229,4423,1175,4476,1229,True,cub
5,CHESS_FL20_C_160511_234351.795_COLOR-8-BIT.JPG,,PB004,Animal,Polar Bear,,,,,4407,1160,4466,1201,4407,1160,4466,1201,True,cub
6,CHESS_FL20_P_160511_233901.340_COLOR-8-BIT.JPG,,PB005,Animal,Polar Bear,,,,,2251,859,2307,940,2251,859,2307,940,True,adult
7,CHESS_FL20_P_160511_233901.340_COLOR-8-BIT.JPG,,PB005s,Animal,Polar Bear,,,,,2229,858,2308,951,2229,858,2308,951,True,adult
8,CHESS_FL20_P_160511_234137.209_COLOR-8-BIT.JPG,,PB005,Animal,Polar Bear,,,,,3155,2661,3261,2733,3155,2661,3261,2733,True,adult
9,CHESS_FL22_C_160517_001218.856_COLOR-8-BIT.JPG,,PB006,Animal,Polar Bear,,,,,608,1879,706,1986,608,1879,706,1986,True,adult
10,CHESS_FL27_C_160530_012411.163_COLOR-8-BIT_08.JPG,,PB008,Animal,Polar Bear,,,,,2527,3753,2701,4045,2527,3753,2701,4045,True,adult
11,CHESS_FL27_C_160530_012411.163_COLOR-8-BIT_08.JPG,,PB008s,Animal,Polar Bear,,,,,2498,3477,2703,4045,2498,3477,2703,4045,True,adult
12,CHESS_FL27_C_160530_012418.586_COLOR-8-BIT_09.JPG,,PB014,Animal,Polar Bear,,,,,220,2602,476,2734,220,2602,476,2734,True,adult
13,CHESS_FL27_C_160530_012418.586_COLOR-8-BIT_09.JPG,,PB014s,Animal,Polar Bear,,,,,219,2331,478,2733,219,2331,478,2733,True,adult
14,CHESS_FL27_S_160530_012051.009_COLOR-8-BIT.JPG,,PB011,Animal,Polar Bear,,,,,3727,2826,3986,2991,3727,2826,3986,2991,True,adult
15,CHESS_FL6_P_160413_204106.093_COLOR-8-BIT.JPG,,PB019,Animal,Polar Bear,,,,,112,3444,183,3595,112,3444,183,3595,True,adult
16,CHESS_FL6_P_160413_204106.093_COLOR-8-BIT.JPG,,PB019s,Animal,Polar Bear,,,,,86,3329,190,3595,86,3329,190,3595,True,adult
17,001_polar_bear_2019_fl10_R_20190516_213647.307061_rgb.JPG,,PB101,Animal,Polar Bear,,,,,3315,1995,3385,2109,3315,1995,3385,2109,True,adult-bad_res
18,001_polar_bear_2019_fl10_R_20190516_213647.307061_rgb.JPG,,PB101s,Animal,Polar Bear,,,,,3315,1967,3387,2109,3315,1967,3387,2109,True,adult-bad_res
19,001_polar_bear_2019_fl10_R_20190516_213647.307061_rgb.JPG,,PB102,Animal,Polar Bear,,,,,3262,2295,3353,2345,3262,2295,3353,2345,True,yearling-bad_res
20,002_polar_bear_2019_fl10_R_20190516_213647.709101_rgb.JPG,,PB101,Animal,Polar Bear,,,,,3398,4009,3449,4106,3398,4009,3449,4106,True,adult-bad_res
21,002_polar_bear_2019_fl10_R_20190516_213647.709101_rgb.JPG,,PB101s,Animal,Polar Bear,,,,,3398,3955,3454,4107,3398,3955,3454,4107,True,adult-bad_res
22,002_polar_bear_2019_fl10_R_20190516_213647.709101_rgb.JPG,,PB102,Animal,Polar Bear,,,,,3330,4275,3385,4347,3330,4275,3385,4347,True,yearling-bad_res
23,003_polar_bear_2019_fl10_C_20190516_213908.735676_rgb.JPG,,PB101,Animal,Polar Bear,,,,,3305,666,3375,779,3305,666,3375,779,True,adult
24,003_polar_bear_2019_fl10_C_20190516_213908.735676_rgb.JPG,,PB101s,Animal,Polar Bear,,,,,3287,664,3375,780,3287,664,3375,780,True,adult
25,003_polar_bear_2019_fl10_C_20190516_213908.735676_rgb.JPG,,PB102,Animal,Polar Bear,,,,,3368,846,3420,921,3368,846,3420,921,True,yearling
26,003_polar_bear_2019_fl10_C_20190516_213908.735676_rgb.JPG,,PB102s,Animal,Polar Bear,,,,,3344,847,3421,936,3344,847,3421,936,True,yearling
27,004_polar_bear_2019_fl10_C_20190516_213909.424159_rgb.JPG,,PB101,Animal,Polar Bear,,,,,3323,2763,3382,2867,3323,2763,3382,2867,True,adult
28,004_polar_bear_2019_fl10_C_20190516_213909.424159_rgb.JPG,,PB101s,Animal,Polar Bear,,,,,3267,2762,3384,2887,3267,2762,3384,2887,True,adult
29,004_polar_bear_2019_fl10_C_20190516_213909.424159_rgb.JPG,,PB102,Animal,Polar Bear,,,,,3376,2979,3430,3078,3376,2979,3430,3078,True,yearling
30,004_polar_bear_2019_fl10_C_20190516_213909.424159_rgb.JPG,,PB102s,Animal,Polar Bear,,,,,3349,2977,3429,3084,3349,2977,3429,3084,True,yearling
31,005_polar_bear_2019_fl10_L_20190516_214038.871274_rgb.JPG,,PB101,Animal,Polar Bear,,,,,5836,1574,5940,1628,5836,1574,5940,1628,True,adult
32,005_polar_bear_2019_fl10_L_20190516_214038.871274_rgb.JPG,,PB101s,Animal,Polar Bear,,,,,5805,1574,5941,1650,5805,1574,5941,1650,True,adult
33,005_polar_bear_2019_fl10_L_20190516_214038.871274_rgb.JPG,,PB102,Animal,Polar Bear,,,,,5833,1622,5916,1685,5833,1622,5916,1685,True,yearling
34,005_polar_bear_2019_fl10_L_20190516_214038.871274_rgb.JPG,,PB102s,Animal,Polar Bear,,,,,5799,1623,5917,1706,5799,1623,5917,1706,True,yearling
35,006_polar_bear_2019_fl10_L_20190516_214039.647498_rgb.JPG,,PB101,Animal,Polar Bear,,,,,6361,3693,6464,3760,6361,3693,6464,3760,True,adult
36,006_polar_bear_2019_fl10_L_20190516_214039.647498_rgb.JPG,,PB101s,Animal,Polar Bear,,,,,6329,3692,6466,3776,6329,3692,6466,3776,True,adult
37,006_polar_bear_2019_fl10_L_20190516_214039.647498_rgb.JPG,,PB102,Animal,Polar Bear,,,,,6355,3740,6437,3814,6355,3740,6437,3814,True,yearling
38,006_polar_bear_2019_fl10_L_20190516_214039.647498_rgb.JPG,,PB102s,Animal,Polar Bear,,,,,6330,3741,6438,3814,6330,3741,6438,3814,True,yearling
39,007_polar_bear_2019_fl10_L_20190516_214201.256925_rgb.JPG,,PB101,Animal,Polar Bear,,,,,4117,442,4189,544,4117,442,4189,544,True,adult
40,007_polar_bear_2019_fl10_L_20190516_214201.256925_rgb.JPG,,PB101s,Animal,Polar Bear,,,,,4098,441,4189,562,4098,441,4189,562,True,adult
41,007_polar_bear_2019_fl10_L_20190516_214201.256925_rgb.JPG,,PB102,Animal,Polar Bear,,,,,4068,592,4128,680,4068,592,4128,680,True,yearling
42,007_polar_bear_2019_fl10_L_20190516_214201.256925_rgb.JPG,,PB102s,Animal,Polar Bear,,,,,4050,591,4129,696,4050,591,4129,696,True,yearling
43,008_polar_bear_2019_fl10_L_20190516_214202.006311_rgb.JPG,,PB101,Animal,Polar Bear,,,,,3876,2279,3961,2361,3876,2279,3961,2361,True,adult
44,008_polar_bear_2019_fl10_L_20190516_214202.006311_rgb.JPG,,PB101s,Animal,Polar Bear,,,,,3856,2279,3963,2380,3856,2279,3963,2380,True,adult
45,008_polar_bear_2019_fl10_L_20190516_214202.006311_rgb.JPG,,PB102,Animal,Polar Bear,,,,,3827,2393,3881,2492,3827,2393,3881,2492,True,yearling
46,008_polar_bear_2019_fl10_L_20190516_214202.006311_rgb.JPG,,PB102s,Animal,Polar Bear,,,,,3814,2391,3883,2498,3814,2391,3883,2498,True,yearling
47,009_polar_bear_2019_fl10_L_20190516_214202.761314_rgb.JPG,,PB101,Animal,Polar Bear,,,,,3655,4138,3732,4211,3655,4138,3732,4211,True,adult
48,009_polar_bear_2019_fl10_L_20190516_214202.761314_rgb.JPG,,PB101s,Animal,Polar Bear,,,,,3632,4138,3733,4226,3632,4138,3733,4226,True,adult
49,009_polar_bear_2019_fl10_L_20190516_214202.761314_rgb.JPG,,PB102,Animal,Polar Bear,,,,,3607,4201,3657,4295,3607,4201,3657,4295,True,yearling
50,009_polar_bear_2019_fl10_L_20190516_214202.761314_rgb.JPG,,PB102s,Animal,Polar Bear,,,,,3590,4202,3657,4306,3590,4202,3657,4306,True,yearling
51,010_polar_bear_2019_fl10_R_20190516_214404.532608_rgb.JPG,,PB101,Animal,Polar Bear,,,,,134,2672,256,2723,134,2672,256,2723,True,adult-bad_res
52,010_polar_bear_2019_fl10_R_20190516_214404.532608_rgb.JPG,,PB101s,Animal,Polar Bear,,,,,80,2671,255,2732,80,2671,255,2732,True,adult-bad_res
53,011_polar_bear_2019_fl10_C_20190516_214815.238825_rgb.JPG,,PB101,Animal,Polar Bear,,,,,3235,1245,3295,1370,3235,1245,3295,1370,True,adult
54,011_polar_bear_2019_fl10_C_20190516_214815.238825_rgb.JPG,,PB101s,Animal,Polar Bear,,,,,3203,1245,3295,1369,3203,1245,3295,1369,True,adult
55,011_polar_bear_2019_fl10_C_20190516_214815.238825_rgb.JPG,,PB102,Animal,Polar Bear,,,,,3206,1340,3250,1442,3206,1340,3250,1442,True,yearling
56,011_polar_bear_2019_fl10_C_20190516_214815.238825_rgb.JPG,,PB102s,Animal,Polar Bear,,,,,3171,1340,3252,1446,3171,1340,3252,1446,True,yearling
57,012_polar_bear_2019_fl10_C_20190516_214816.197468_rgb.JPG,,PB101,Animal,Polar Bear,,,,,2990,3358,3064,3468,2990,3358,3064,3468,True,adult
58,012_polar_bear_2019_fl10_C_20190516_214816.197468_rgb.JPG,,PB101s,Animal,Polar Bear,,,,,2956,3357,3066,3473,2956,3357,3066,3473,True,adult
59,012_polar_bear_2019_fl10_C_20190516_214816.197468_rgb.JPG,,PB102,Animal,Polar Bear,,,,,2958,3439,3005,3562,2958,3439,3005,3562,True,yearling
60,012_polar_bear_2019_fl10_C_20190516_214816.197468_rgb.JPG,,PB102s,Animal,Polar Bear,,,,,2923,3438,3007,3563,2923,3438,3007,3563,True,yearling
61,013_polar_bear_2019_fl10_C_20190516_215224.805373_rgb.JPG,,PB101,Animal,Polar Bear,,,,,1435,1696,1507,1826,1435,1696,1507,1826,True,adult
62,013_polar_bear_2019_fl10_C_20190516_215224.805373_rgb.JPG,,PB101s,Animal,Polar Bear,,,,,1412,1695,1507,1828,1412,1695,1507,1828,True,adult
63,013_polar_bear_2019_fl10_C_20190516_215224.805373_rgb.JPG,,PB102,Animal,Polar Bear,,,,,1474,1555,1525,1655,1474,1555,1525,1655,True,yearling
64,013_polar_bear_2019_fl10_C_20190516_215224.805373_rgb.JPG,,PB102s,Animal,Polar Bear,,,,,1442,1555,1526,1655,1442,1555,1526,1655,True,yearling
65,014_polar_bear_2019_fl10_C_20190516_215225.666433_rgb.JPG,,PB101,Animal,Polar Bear,,,,,1473,3900,1538,4017,1473,3900,1538,4017,True,adult
66,014_polar_bear_2019_fl10_C_20190516_215225.666433_rgb.JPG,,PB101s,Animal,Polar Bear,,,,,1442,3898,1539,4023,1442,3898,1539,4023,True,adult
67,014_polar_bear_2019_fl10_C_20190516_215225.666433_rgb.JPG,,PB102,Animal,Polar Bear,,,,,1465,3753,1528,3846,1465,3753,1528,3846,True,yearling
68,014_polar_bear_2019_fl10_C_20190516_215225.666433_rgb.JPG,,PB102s,Animal,Polar Bear,,,,,1427,3752,1529,3851,1427,3752,1529,3851,True,yearling
69,015_polar_bear_2019_fl10_R_20190516_215358.348631_rgb.JPG,,PB101orPB102,Animal,Polar Bear,,,,,49,3307,207,3440,49,3307,207,3440,True,adult or yearling-bad_res
70,015_polar_bear_2019_fl10_R_20190516_215358.348631_rgb.JPG,,PB101orPB102s,Animal,Polar Bear,,,,,14,3305,209,3465,14,3305,209,3465,True,adult or yearling-bad_res
71,016_polar_bear_2019_fl10_L_20190516_215512.736147_rgb.JPG,,PB101orPB102,Animal,Polar Bear,,,,,6513,3085,6576,3151,6513,3085,6576,3151,True,adult or yearling-bad_res
72,017_polar_bear_2019_fl10_R_20190516_215617.263662_rgb.JPG,,PB101,Animal,Polar Bear,,,,,183,3212,260,3347,183,3212,260,3347,True,adult-bad_res
73,017_polar_bear_2019_fl10_R_20190516_215617.263662_rgb.JPG,,PB101s,Animal,Polar Bear,,,,,140,3202,261,3347,140,3202,261,3347,True,adult-bad_res
74,017_polar_bear_2019_fl10_R_20190516_215617.263662_rgb.JPG,,PB102,Animal,Polar Bear,,,,,192,3329,275,3412,192,3329,275,3412,True,yearling-bad_res
75,017_polar_bear_2019_fl10_R_20190516_215617.263662_rgb.JPG,,PB102s,Animal,Polar Bear,,,,,154,3329,274,3413,154,3329,274,3413,True,yearling-bad_res
76,018_polar_bear_2019_fl10_L_20190516_215722.489378_rgb.JPG,,PB101,Animal,Polar Bear,,,,,6529,1481,6576,1520,6529,1481,6576,1520,True,adult
77,018_polar_bear_2019_fl10_L_20190516_215722.489378_rgb.JPG,,PB101s,Animal,Polar Bear,,,,,6508,1482,6576,1585,6508,1482,6576,1585,True,adult
78,018_polar_bear_2019_fl10_L_20190516_215722.489378_rgb.JPG,,PB102,Animal,Polar Bear,,,,,6445,1655,6551,1725,6445,1655,6551,1725,True,yearling
79,018_polar_bear_2019_fl10_L_20190516_215722.489378_rgb.JPG,,PB102s,Animal,Polar Bear,,,,,6426,1655,6553,1753,6426,1655,6553,1753,True,yearling
80,019_polar_bear_2019_fl10_L_20190516_215723.149742_rgb.JPG,,PB101,Animal,Polar Bear,,,,,5268,3399,5397,3494,5268,3399,5397,3494,True,adult
81,019_polar_bear_2019_fl10_L_20190516_215723.149742_rgb.JPG,,PB101s,Animal,Polar Bear,,,,,5251,3399,5396,3515,5251,3399,5396,3515,True,adult
82,019_polar_bear_2019_fl10_L_20190516_215723.149742_rgb.JPG,,PB102,Animal,Polar Bear,,,,,5176,3572,5284,3647,5176,3572,5284,3647,True,yearling
83,019_polar_bear_2019_fl10_L_20190516_215723.149742_rgb.JPG,,PB102s,Animal,Polar Bear,,,,,5162,3572,5284,3669,5162,3572,5284,3669,True,yearling
84,020_polar_bear_2019_fl10_C_20190516_215840.109380_rgb.JPG,,PB101,Animal,Polar Bear,,,,,2078,1306,2174,1373,2078,1306,2174,1373,True,adult
85,020_polar_bear_2019_fl10_C_20190516_215840.109380_rgb.JPG,,PB101s,Animal,Polar Bear,,,,,2030,1307,2176,1373,2030,1307,2176,1373,True,adult
86,020_polar_bear_2019_fl10_C_20190516_215840.109380_rgb.JPG,,PB102,Animal,Polar Bear,,,,,2534,1584,2631,1629,2534,1584,2631,1629,True,yearling
87,020_polar_bear_2019_fl10_C_20190516_215840.109380_rgb.JPG,,PB102s,Animal,Polar Bear,,,,,2486,1576,2634,1631,2486,1576,2634,1631,True,yearling
88,021_polar_bear_2019_fl10_C_20190516_215840.925365_rgb.JPG,,PB101,Animal,Polar Bear,,,,,2133,3276,2235,3349,2133,3276,2235,3349,True,adult
89,021_polar_bear_2019_fl10_C_20190516_215840.925365_rgb.JPG,,PB101s,Animal,Polar Bear,,,,,2082,3277,2234,3349,2082,3277,2234,3349,True,adult
90,021_polar_bear_2019_fl10_C_20190516_215840.925365_rgb.JPG,,PB102,Animal,Polar Bear,,,,,2543,3534,2647,3598,2543,3534,2647,3598,True,yearling
91,021_polar_bear_2019_fl10_C_20190516_215840.925365_rgb.JPG,,PB102s,Animal,Polar Bear,,,,,2509,3525,2647,3598,2509,3525,2647,3598,True,yearling
92,022_polar_bear_2019_fl10_L_20190516_215949.199814_rgb.JPG,,PB101,Animal,Polar Bear,,,,,3384,97,3508,164,3384,97,3508,164,True,adult
93,022_polar_bear_2019_fl10_L_20190516_215949.199814_rgb.JPG,,PB101s,Animal,Polar Bear,,,,,3383,96,3508,202,3383,96,3508,202,True,adult
94,023_polar_bear_2019_fl10_L_20190516_215949.807474_rgb.JPG,,PB101,Animal,Polar Bear,,,,,2562,1795,2695,1853,2562,1795,2695,1853,True,adult
95,023_polar_bear_2019_fl10_L_20190516_215949.807474_rgb.JPG,,PB101s,Animal,Polar Bear,,,,,2562,1794,2694,1895,2562,1794,2694,1895,True,adult
96,023_polar_bear_2019_fl10_L_20190516_215949.807474_rgb.JPG,,PB102,Animal,Polar Bear,,,,,2910,1376,3002,1435,2910,1376,3002,1435,True,yearling
97,023_polar_bear_2019_fl10_L_20190516_215949.807474_rgb.JPG,,PB102s,Animal,Polar Bear,,,,,2909,1376,3002,1478,2909,1376,3002,1478,True,yearling
98,024_polar_bear_2019_fl10_L_20190516_215950.415116_rgb.JPG,,PB101,Animal,Polar Bear,,,,,2078,3436,2200,3502,2078,3436,2200,3502,True,adult
99,024_polar_bear_2019_fl10_L_20190516_215950.415116_rgb.JPG,,PB101s,Animal,Polar Bear,,,,,2078,3436,2198,3537,2078,3436,2198,3537,True,adult
100,024_polar_bear_2019_fl10_L_20190516_215950.415116_rgb.JPG,,PB102,Animal,Polar Bear,,,,,2435,3059,2513,3124,2435,3059,2513,3124,True,yearling
101,024_polar_bear_2019_fl10_L_20190516_215950.415116_rgb.JPG,,PB102s,Animal,Polar Bear,,,,,2435,3058,2514,3164,2435,3058,2514,3164,True,yearling
102,025_polar_bear_2019_fl10_C_20190516_220114.862286_rgb.JPG,,PB102,Animal,Polar Bear,,,,,3302,1,3354,103,3302,1,3354,103,True,yearling
103,025_polar_bear_2019_fl10_C_20190516_220114.862286_rgb.JPG,,PB102s,Animal,Polar Bear,,,,,3258,2,3355,104,3258,2,3355,104,True,yearling
104,026_polar_bear_2019_fl10_C_20190516_220116.307030_rgb.JPG,,PB101,Animal,Polar Bear,,,,,3546,1836,3600,1974,3546,1836,3600,1974,True,adult
105,026_polar_bear_2019_fl10_C_20190516_220116.307030_rgb.JPG,,PB101s,Animal,Polar Bear,,,,,3504,1822,3601,1975,3504,1822,3601,1975,True,adult
106,026_polar_bear_2019_fl10_C_20190516_220116.307030_rgb.JPG,,PB102,Animal,Polar Bear,,,,,3542,2005,3591,2126,3542,2005,3591,2126,True,yearling
107,026_polar_bear_2019_fl10_C_20190516_220116.307030_rgb.JPG,,PB102s,Animal,Polar Bear,,,,,3501,1994,3592,2127,3501,1994,3592,2127,True,yearling
108,027_polar_bear_2019_fl10_C_20190516_220117.031913_rgb.JPG,,PB101,Animal,Polar Bear,,,,,3877,3990,3934,4118,3877,3990,3934,4118,True,adult
109,027_polar_bear_2019_fl10_C_20190516_220117.031913_rgb.JPG,,PB101s,Animal,Polar Bear,,,,,3834,3971,3935,4118,3834,3971,3935,4118,True,adult
110,027_polar_bear_2019_fl10_C_20190516_220117.031913_rgb.JPG,,PB102,Animal,Polar Bear,,,,,3872,4160,3919,4266,3872,4160,3919,4266,True,yearling
111,027_polar_bear_2019_fl10_C_20190516_220117.031913_rgb.JPG,,PB102s,Animal,Polar Bear,,,,,3832,4150,3918,4267,3832,4150,3918,4267,True,yearling
112,028_polar_bear_2019_fl10_C_20190516_220227.617607_rgb.JPG,,PB101,Animal,Polar Bear,,,,,2428,1123,2508,1197,2428,1123,2508,1197,True,adult
113,028_polar_bear_2019_fl10_C_20190516_220227.617607_rgb.JPG,,PB101s,Animal,Polar Bear,,,,,2406,1124,2508,1250,2406,1124,2508,1250,True,adult
114,028_polar_bear_2019_fl10_C_20190516_220227.617607_rgb.JPG,,PB102,Animal,Polar Bear,,,,,2481,1123,2561,1169,2481,1123,2561,1169,True,yearling
115,028_polar_bear_2019_fl10_C_20190516_220227.617607_rgb.JPG,,PB102s,Animal,Polar Bear,,,,,2461,1123,2561,1220,2461,1123,2561,1220,True,yearling
116,029_polar_bear_2019_fl10_C_20190516_220228.490410_rgb.JPG,,PB101,Animal,Polar Bear,,,,,1771,3194,1859,3266,1771,3194,1859,3266,True,adult
117,029_polar_bear_2019_fl10_C_20190516_220228.490410_rgb.JPG,,PB101s,Animal,Polar Bear,,,,,1754,3193,1860,3299,1754,3193,1860,3299,True,adult
118,029_polar_bear_2019_fl10_C_20190516_220228.490410_rgb.JPG,,PB102,Animal,Polar Bear,,,,,1838,3185,1913,3243,1838,3185,1913,3243,True,yearling
119,029_polar_bear_2019_fl10_C_20190516_220228.490410_rgb.JPG,,PB102s,Animal,Polar Bear,,,,,1830,3185,1915,3277,1830,3185,1915,3277,True,yearling
120,030_polar_bear_2019_fl10_R_20190516_220346.007612_rgb.JPG,,PB101,Animal,Polar Bear,,,,,3948,1183,4014,1249,3948,1183,4014,1249,True,adult-bad_res
121,030_polar_bear_2019_fl10_R_20190516_220346.007612_rgb.JPG,,PB102,Animal,Polar Bear,,,,,3699,1385,3760,1446,3699,1385,3760,1446,True,yearling-bad_res
122,031_polar_bear_2019_fl10_R_20190516_220346.626755_rgb.JPG,,PB101,Animal,Polar Bear,,,,,4505,2946,4581,3046,4505,2946,4581,3046,True,adult-bad_res
123,031_polar_bear_2019_fl10_R_20190516_220346.626755_rgb.JPG,,PB102,Animal,Polar Bear,,,,,4271,3167,4345,3246,4271,3167,4345,3246,True,yearling-bad_res
124,032_polar_bear_2019_fl10_L_20190516_220440.007927_rgb.JPG,,PB102,Animal,Polar Bear,,,,,2786,1,2883,46,2786,1,2883,46,True,yearling
125,032_polar_bear_2019_fl10_L_20190516_220440.007927_rgb.JPG,,PB102s,Animal,Polar Bear,,,,,2785,1,2889,89,2785,1,2889,89,True,yearling
126,033_polar_bear_2019_fl10_L_20190516_220440.533428_rgb.JPG,,PB101,Animal,Polar Bear,,,,,1895,1644,2005,1703,1895,1644,2005,1703,True,adult
127,033_polar_bear_2019_fl10_L_20190516_220440.533428_rgb.JPG,,PB101s,Animal,Polar Bear,,,,,1895,1643,2005,1738,1895,1643,2005,1738,True,adult
128,033_polar_bear_2019_fl10_L_20190516_220440.533428_rgb.JPG,,PB102,Animal,Polar Bear,,,,,1933,1729,2030,1772,1933,1729,2030,1772,True,yearling
129,033_polar_bear_2019_fl10_L_20190516_220440.533428_rgb.JPG,,PB102s,Animal,Polar Bear,,,,,1933,1728,2036,1809,1933,1728,2036,1809,True,yearling
130,034_polar_bear_2019_fl10_L_20190516_220441.064367_rgb.JPG,,PB101,Animal,Polar Bear,,,,,1316,3344,1425,3406,1316,3344,1425,3406,True,adult
131,034_polar_bear_2019_fl10_L_20190516_220441.064367_rgb.JPG,,PB101s,Animal,Polar Bear,,,,,1316,3344,1433,3426,1316,3344,1433,3426,True,adult
132,034_polar_bear_2019_fl10_L_20190516_220441.064367_rgb.JPG,,PB102,Animal,Polar Bear,,,,,1353,3427,1457,3475,1353,3427,1457,3475,True,yearling
133,034_polar_bear_2019_fl10_L_20190516_220441.064367_rgb.JPG,,PB102s,Animal,Polar Bear,,,,,1353,3427,1456,3511,1353,3427,1456,3511,True,yearling
134,035_polar_bear_2019_fl10_C_20190516_220652.430599_rgb.JPG,,PB101,Animal,Polar Bear,,,,,1112,3368,1165,3487,1112,3368,1165,3487,True,adult
135,035_polar_bear_2019_fl10_C_20190516_220652.430599_rgb.JPG,,PB101s,Animal,Polar Bear,,,,,1113,3368,1197,3506,1113,3368,1197,3506,True,adult
136,035_polar_bear_2019_fl10_C_20190516_220652.430599_rgb.JPG,,PB102,Animal,Polar Bear,,,,,1084,3378,1136,3452,1084,3378,1136,3452,True,yearling
137,036_polar_bear_2019_fl10_C_20190516_220858.285032_rgb.JPG,,PB101,Animal,Polar Bear,,,,,4387,1,4436,68,4387,1,4436,68,True,adult
138,036_polar_bear_2019_fl10_C_20190516_220858.285032_rgb.JPG,,PB101s,Animal,Polar Bear,,,,,4346,1,4435,67,4346,1,4435,67,True,adult
139,036_polar_bear_2019_fl10_C_20190516_220858.285032_rgb.JPG,,PB102,Animal,Polar Bear,,,,,4395,214,4439,314,4395,214,4439,314,True,yearling
140,036_polar_bear_2019_fl10_C_20190516_220858.285032_rgb.JPG,,PB102s,Animal,Polar Bear,,,,,4357,213,4437,314,4357,213,4437,314,True,yearling
141,037_polar_bear_2019_fl10_C_20190516_220859.202297_rgb.JPG,,PB101,Animal,Polar Bear,,,,,5211,2130,5262,2241,5211,2130,5262,2241,True,adult
142,037_polar_bear_2019_fl10_C_20190516_220859.202297_rgb.JPG,,PB101s,Animal,Polar Bear,,,,,5147,2113,5263,2240,5147,2113,5263,2240,True,adult
143,037_polar_bear_2019_fl10_C_20190516_220859.202297_rgb.JPG,,PB102,Animal,Polar Bear,,,,,5226,2386,5267,2478,5226,2386,5267,2478,True,yearling
144,037_polar_bear_2019_fl10_C_20190516_220859.202297_rgb.JPG,,PB102s,Animal,Polar Bear,,,,,5188,2377,5267,2478,5188,2377,5267,2478,True,yearling
145,038_polar_bear_2019_fl10_C_20190516_221032.139989_rgb.JPG,,PB101,Animal,Polar Bear,,,,,398,964,498,1085,398,964,498,1085,True,adult
146,038_polar_bear_2019_fl10_C_20190516_221032.139989_rgb.JPG,,PB101s,Animal,Polar Bear,,,,,398,963,502,1126,398,963,502,1126,True,adult
147,038_polar_bear_2019_fl10_C_20190516_221032.139989_rgb.JPG,,PB102,Animal,Polar Bear,,,,,498,935,597,1041,498,935,597,1041,True,yearling
148,038_polar_bear_2019_fl10_C_20190516_221032.139989_rgb.JPG,,PB102s,Animal,Polar Bear,,,,,497,935,600,1087,497,935,600,1087,True,yearling
149,039_polar_bear_2019_fl15_C_20190522_201642.951141_rgb.JPG,,PB103,Animal,Polar Bear,,,,,2988,382,3105,585,2988,382,3105,585,True,adult
150,039_polar_bear_2019_fl15_C_20190522_201642.951141_rgb.JPG,,PB103s,Animal,Polar Bear,,,,,2987,381,3189,624,2987,381,3189,624,True,adult
151,040_polar_bear_2019_fl15_C_20190522_201643.701126_rgb.JPG,,PB103,Animal,Polar Bear,,,,,3161,4237,3304,4384,3161,4237,3304,4384,True,adult
152,040_polar_bear_2019_fl15_C_20190522_201643.701126_rgb.JPG,,PB103s,Animal,Polar Bear,,,,,3161,4238,3383,4384,3161,4238,3383,4384,True,adult
153,041_polar_bear_2019_fl15_C_20190522_201800.200834_rgb.JPG,,PB103,Animal,Polar Bear,,,,,5000,1372,5091,1545,5000,1372,5091,1545,True,adult
154,041_polar_bear_2019_fl15_C_20190522_201800.200834_rgb.JPG,,PB103s,Animal,Polar Bear,,,,,4908,1373,5095,1602,4908,1373,5095,1602,True,adult
155,042_polar_bear_2019_fl15_C_20190522_202047.450174_rgb.JPG,,PB103,Animal,Polar Bear,,,,,3035,364,3176,491,3035,364,3176,491,True,adult
156,042_polar_bear_2019_fl15_C_20190522_202047.450174_rgb.JPG,,PB103s,Animal,Polar Bear,,,,,3023,364,3180,621,3023,364,3180,621,True,adult
157,043_polar_bear_2019_fl15_C_20190522_202048.200177_rgb.JPG,,PB103,Animal,Polar Bear,,,,,2964,4055,3114,4191,2964,4055,3114,4191,True,adult
158,043_polar_bear_2019_fl15_C_20190522_202048.200177_rgb.JPG,,PB103s,Animal,Polar Bear,,,,,2956,4054,3114,4311,2956,4054,3114,4311,True,adult
159,044_polar_bear_2019_fl15_C_20190522_202318.199586_rgb.JPG,,PB103,Animal,Polar Bear,,,,,2746,3714,2931,3842,2746,3714,2931,3842,True,adult
160,044_polar_bear_2019_fl15_C_20190522_202318.199586_rgb.JPG,,PB103s,Animal,Polar Bear,,,,,2735,3713,2932,3906,2735,3713,2932,3906,True,adult
161,045_polar_bear_2019_fl15_C_20190522_202602.449119_rgb.JPG,,PB103,Animal,Polar Bear,,,,,1248,682,1325,894,1248,682,1325,894,True,adult
162,045_polar_bear_2019_fl15_C_20190522_202602.449119_rgb.JPG,,PB103s,Animal,Polar Bear,,,,,1248,681,1326,942,1248,681,1326,942,True,adult
163,046_polar_bear_2019_fl15_C_20190522_202603.198961_rgb.JPG,,PB103,Animal,Polar Bear,,,,,1527,4258,1590,4384,1527,4258,1590,4384,True,adult
164,047_polar_bear_2019_fl15_C_20190522_203417.229365_rgb.JPG,,PB103,Animal,Polar Bear,,,,,2588,530,2776,613,2588,530,2776,613,True,adult
165,047_polar_bear_2019_fl15_C_20190522_203417.229365_rgb.JPG,,PB103s,Animal,Polar Bear,,,,,2546,529,2777,710,2546,529,2777,710,True,adult
166,048_polar_bear_2019_fl15_C_20190522_203417.620868_rgb.JPG,,PB103,Animal,Polar Bear,,,,,2610,2735,2814,2828,2610,2735,2814,2828,True,adult
167,048_polar_bear_2019_fl15_C_20190522_203417.620868_rgb.JPG,,PB103s,Animal,Polar Bear,,,,,2568,2735,2814,2892,2568,2735,2814,2892,True,adult
168,049_polar_bear_2019_fl15_C_20190522_203728.724435_rgb.JPG,,PB103,Animal,Polar Bear,,,,,183,600,308,692,183,600,308,692,True,adult
169,049_polar_bear_2019_fl15_C_20190522_203728.724435_rgb.JPG,,PB103s,Animal,Polar Bear,,,,,183,599,356,753,183,599,356,753,True,adult
170,050_polar_bear_2019_fl15_C_20190522_203729.289180_rgb.JPG,,PB103,Animal,Polar Bear,,,,,210,2742,335,2845,210,2742,335,2845,True,adult
171,050_polar_bear_2019_fl15_C_20190522_203729.289180_rgb.JPG,,PB103s,Animal,Polar Bear,,,,,210,2742,377,2909,210,2742,377,2909,True,adult
172,051_polar_bear_2019_fl15_C_20190522_204525.661653_rgb.JPG,,PB103,Animal,Polar Bear,,,,,2927,122,2984,288,2927,122,2984,288,True,adult
173,051_polar_bear_2019_fl15_C_20190522_204525.661653_rgb.JPG,,PB103s,Animal,Polar Bear,,,,,2927,121,3007,303,2927,121,3007,303,True,adult
174,052_polar_bear_2019_fl15_C_20190522_204526.276601_rgb.JPG,,PB103,Animal,Polar Bear,,,,,2965,2274,3021,2416,2965,2274,3021,2416,True,adult
175,052_polar_bear_2019_fl15_C_20190522_204526.276601_rgb.JPG,,PB103s,Animal,Polar Bear,,,,,2965,2273,3053,2450,2965,2273,3053,2450,True,adult
176,053_polar_bear_2019_fl15_R_20190522_213330.791215_rgb.JPG,,PB104,Animal,Polar Bear,,,,,1767,1333,1902,1459,1767,1333,1902,1459,True,adult-bad_res
177,053_polar_bear_2019_fl15_R_20190522_213330.791215_rgb.JPG,,PB104s,Animal,Polar Bear,,,,,1767,1332,1904,1477,1767,1332,1904,1477,True,adult-bad_res
178,054_polar_bear_2019_fl15_R_20190522_213331.255038_rgb.JPG,,PB104,Animal,Polar Bear,,,,,1986,3625,2117,3717,1986,3625,2117,3717,True,adult-bad_res
179,054_polar_bear_2019_fl15_R_20190522_213331.255038_rgb.JPG,,PB104s,Animal,Polar Bear,,,,,1985,3625,2136,3788,1985,3625,2136,3788,True,adult-bad_res
180,055_polar_bear_2019_fl15_C_20190522_213545.749330_rgb.JPG,,PB104,Animal,Polar Bear,,,,,5922,247,5993,418,5922,247,5993,418,True,adult
181,055_polar_bear_2019_fl15_C_20190522_213545.749330_rgb.JPG,,PB104s,Animal,Polar Bear,,,,,5919,233,6037,420,5919,233,6037,420,True,adult
182,056_polar_bear_2019_fl15_C_20190522_213546.287997_rgb.JPG,,PB104,Animal,Polar Bear,,,,,5902,2733,5967,2882,5902,2733,5967,2882,True,adult
183,056_polar_bear_2019_fl15_C_20190522_213546.287997_rgb.JPG,,PB104s,Animal,Polar Bear,,,,,5899,2726,6005,2884,5899,2726,6005,2884,True,adult
184,057_polar_bear_2019_fl15_R_20190522_214006.967630_rgb.JPG,,PB104,Animal,Polar Bear,,,,,2550,2077,2661,2218,2550,2077,2661,2218,True,adult-bad_res
185,057_polar_bear_2019_fl15_R_20190522_214006.967630_rgb.JPG,,PB104s,Animal,Polar Bear,,,,,2501,2054,2661,2218,2501,2054,2661,2218,True,adult-bad_res
186,058_polar_bear_2019_fl15_R_20190522_214158.659866_rgb.JPG,,PB104,Animal,Polar Bear,,,,,287,33,437,249,287,33,437,249,True,adult-bad_res
187,059_polar_bear_2019_fl15_R_20190522_214159.097408_rgb.JPG,,PB104,Animal,Polar Bear,,,,,463,2591,597,2741,463,2591,597,2741,True,adult-bad_res
188,060_polar_bear_2019_fl19_R_20190525_014005.905993_rgb.JPG,,PB105,Animal,Polar Bear,,,,,2,1309,148,1437,2,1309,148,1437,True,adult-bad_res
189,060_polar_bear_2019_fl19_R_20190525_014005.905993_rgb.JPG,,PB105s,Animal,Polar Bear,,,,,2,1309,221,1548,2,1309,221,1548,True,adult-bad_res
190,061_polar_bear_2019_fl19_R_20190525_014006.413916_rgb.JPG,,PB105,Animal,Polar Bear,,,,,282,3692,519,3836,282,3692,519,3836,True,adult-bad_res
191,061_polar_bear_2019_fl19_R_20190525_014006.413916_rgb.JPG,,PB105s,Animal,Polar Bear,,,,,281,3692,582,3938,281,3692,582,3938,True,adult-bad_res
192,062_polar_bear_2019_fl19_C_20190525_014341.377050_rgb.JPG,,PB105,Animal,Polar Bear,,,,,5195,2269,5484,2370,5195,2269,5484,2370,True,adult
193,063_polar_bear_2019_fl19_C_20190525_014626.024530_rgb.JPG,,PB105,Animal,Polar Bear,,,,,2840,1,3044,178,2840,1,3044,178,True,adult
194,064_polar_bear_2019_fl19_C_20190525_014626.376588_rgb.JPG,,PB105,Animal,Polar Bear,,,,,2796,2381,3078,2575,2796,2381,3078,2575,True,adult
195,065_polar_bear_2019_fl19_C_20190525_014917.368638_rgb.JPG,,PB105,Animal,Polar Bear,,,,,270,1009,573,1155,270,1009,573,1155,True,adult
196,066_polar_bear_2019_fl19_C_20190525_014917.687698_rgb.JPG,,PB105,Animal,Polar Bear,,,,,194,3492,555,3641,194,3492,555,3641,True,adult
197,067_polar_bear_2019_fl19_C_20190525_020648.151950_rgb.JPG,,PB106,Animal,Polar Bear,,,,,946,701,1123,778,946,701,1123,778,True,adult
198,067_polar_bear_2019_fl19_C_20190525_020648.151950_rgb.JPG,,PB106s,Animal,Polar Bear,,,,,946,700,1148,885,946,700,1148,885,True,adult
199,067_polar_bear_2019_fl19_C_20190525_020648.151950_rgb.JPG,,PB107,Animal,Polar Bear,,,,,1002,678,1073,725,1002,678,1073,725,True,cub
200,068_polar_bear_2019_fl19_C_20190525_020648.913795_rgb.JPG,,PB106,Animal,Polar Bear,,,,,878,3243,1049,3329,878,3243,1049,3329,True,adult
201,068_polar_bear_2019_fl19_C_20190525_020648.913795_rgb.JPG,,PB106s,Animal,Polar Bear,,,,,877,3242,1083,3440,877,3242,1083,3440,True,adult
202,068_polar_bear_2019_fl19_C_20190525_020648.913795_rgb.JPG,,PB107,Animal,Polar Bear,,,,,906,3230,996,3276,906,3230,996,3276,True,cub
203,CHESS_ru_2016-04-18 13-25-41_1682_R.JPG,,PB201,Animal,Polar Bear,,,,,3805,1279,3860,1329,3805,1279,3860,1329,True,UNK
204,CHESS_ru_2016-04-18 13-25-42_1683_R.JPG,,PB201,Animal,Polar Bear,,,,,3747,3446,3812,3493,3747,3446,3812,3493,True,UNK
205,CHESS_ru_2016-04-25 10-59-14_2512_L.JPG,,PB202,Animal,Polar Bear,,,,,404,578,443,634,404,578,443,634,True,UNK
206,CHESS_ru_2016-04-25 10-59-14_2512_L.JPG,,PB203,Animal,Polar Bear,,,,,414,565,450,634,414,565,450,634,True,UNK
207,CHESS_ru_2016-04-25 11-06-03_2568_L.JPG,,PB204,Animal,Polar Bear,,,,,230,1258,287,1311,230,1258,287,1311,True,UNK
208,CHESS_ru_2016-04-25 11-06-04_2569_L.JPG,,PB204,Animal,Polar Bear,,,,,141,3166,204,3212,141,3166,204,3212,True,UNK
209,CHESS_ru_2016-04-25 11-06-04_2569_L.JPG,,PB204s,Animal,Polar Bear,,,,,140,3147,204,3212,140,3147,204,3212,True,UNK
210,CHESS_ru_2016-04-25 13-50-46_1257_R.JPG,,PB205,Animal,Polar Bear,,,,,6491,656,6538,714,6491,656,6538,714,True,UNK
211,CHESS_ru_2016-04-25 13-50-46_1257_R.JPG,,PB205s,Animal,Polar Bear,,,,,6475,657,6538,714,6475,657,6538,714,True,UNK
212,CHESS_ru_2016-04-25 13-59-31_1410_R.JPG,,PB206,Animal,Polar Bear,,,,,6129,551,6182,602,6129,551,6182,602,True,UNK
213,CHESS_ru_2016-04-25 13-59-32_1411_R.JPG,,PB206,Animal,Polar Bear,,,,,6166,1565,6214,1622,6166,1565,6214,1622,True,UNK
214,CHESS_ru_2016-04-25 13-59-33_1412_R.JPG,,PB206,Animal,Polar Bear,,,,,6258,3797,6314,3854,6258,3797,6314,3854,True,UNK
215,CHESS_ru_2016-04-25 14-09-54_2051_r_C.JPG,,PB207,Animal,Polar Bear,,,,,5800,2949,5848,3028,5800,2949,5848,3028,True,UNK
216,CHESS_ru_2016-04-25 14-09-54_2051_r_C.JPG,,PB208,Animal,Polar Bear,,,,,5792,2969,5832,3028,5792,2969,5832,3028,True,UNK
217,CHESS_ru_2016-04-25 14-21-36_0652_L.JPG,,PB209,Animal,Polar Bear,,,,,3201,2985,3250,3055,3201,2985,3250,3055,True,UNK
218,CHESS_ru_2016-04-25 14-21-36_0652_L.JPG,,PB210,Animal,Polar Bear,,,,,3188,2961,3240,3055,3188,2961,3240,3055,True,UNK
219,CHESS_ru_2016-04-25 14-21-36_0652_L.JPG,,PB210s,Animal,Polar Bear,,,,,3188,2911,3242,3055,3188,2911,3242,3055,True,UNK
220,CHESS_ru_2016-04-25 14-21-36_0652_L.JPG,,PB211,Animal,Polar Bear,,,,,3178,2863,3240,3055,3178,2863,3240,3055,True,UNK
221,CHESS_ru_2016-04-25 14-21-36_0652_L.JPG,,PB211s,Animal,Polar Bear,,,,,3178,2817,3240,3055,3178,2817,3240,3055,True,UNK
222,CHESS_ru_2016-04-25 15-08-38_2037_R.JPG,,PB212,Animal,Polar Bear,,,,,4781,4433,4874,4500,4781,4433,4874,4500,True,UNK
223,CHESS_ru_2016-04-26 11-24-29_0142_1L.JPG,,PB213,Animal,Polar Bear,,,,,2155,4182,2261,4264,2155,4182,2261,4264,True,UNK
224,CHESS_ru_2016-04-26 13-04-55_1101_r_3C.JPG,,PB214,Animal,Polar Bear,,,,,2172,4314,2282,4405,2172,4314,2282,4405,True,UNK
225,CHESS_ru_2016-04-26 13-04-55_1101_r_3C.JPG,,PB214s,Animal,Polar Bear,,,,,2171,4313,2287,4405,2171,4313,2287,4405,True,UNK
226,CHESS_ru_2016-05-12 11-30-06_0101_2R.JPG,,PB215,Animal,Polar Bear,,,,,5058,686,5113,728,5058,686,5113,728,True,UNK
227,CHESS_ru_2016-05-12 11-30-07_0102_2R.JPG,,,Animal,Polar Bear,,,,,5040,4202,5072,4227,5040,4202,5072,4227,True,none
228,CHESS_ru_2016-05-12 11-30-07_0102_2R.JPG,,,Animal,Polar Bear,,,,,5018,4218,5058,4240,5018,4218,5058,4240,True,none
229,CHESS_ru_2016-05-12 11-30-16_1160_r_3C.JPG,,,Animal,Polar Bear,,,,,502,2238,535,2274,502,2238,535,2274,True,none
230,CHESS_ru_2016-05-12 11-30-16_1160_r_3C.JPG,,,Animal,Polar Bear,,,,,483,2224,513,2265,483,2224,513,2265,True,none
231,CHESS_ru_2016-05-12 11-30-16_1160_r_3C.JPG,,,Animal,Polar Bear,,,,,529,2122,595,2196,529,2122,595,2196,True,none
232,CHESS_ru_2016-05-12 11-44-33_0337_2R.JPG,,,Animal,Polar Bear,,,,,4309,852,4359,896,4309,852,4359,896,True,none
233,CHESS_ru_2016-05-12 11-44-33_0338_2R.JPG,,,Animal,Polar Bear,,,,,4131,3108,4177,3160,4131,3108,4177,3160,True,none
234,CHESS_ru_2016-05-12 12-24-40_0910_2R.JPG,,,Animal,Polar Bear,,,,,5235,1520,5361,1608,5235,1520,5361,1608,True,none
235,CHESS_ru_2016-05-12 13-35-04_2618_1L.JPG,,,Animal,Polar Bear,,,,,1404,1429,1476,1520,1404,1429,1476,1520,True,none
236,CHESS_ru_2016-05-12 14-20-10_2145_2R.JPG,,,Animal,Polar Bear,,,,,856,1654,888,1698,856,1654,888,1698,True,none
237,CHESS_ru_2016-05-12 14-20-10_2145_2R.JPG,,,Animal,Polar Bear,,,,,883,1322,946,1402,883,1322,946,1402,True,none
238,CHESS_ru_2016-05-12 14-20-11_2146_2R.JPG,,,Animal,Polar Bear,,,,,818,4243,839,4283,818,4243,839,4283,True,none
239,CHESS_ru_2016-05-12 14-20-11_2146_2R.JPG,,,Animal,Polar Bear,,,,,824,3946,893,4004,824,3946,893,4004,True,none
240,CHESS_ru_2016-05-12 14-38-06_2372_2R.JPG,,,Animal,Polar Bear,,,,,5967,107,6005,157,5967,107,6005,157,True,none
241,CHESS_ru_2016-05-12 14-38-07_2373_2R.JPG,,,Animal,Polar Bear,,,,,5962,2028,6005,2051,5962,2028,6005,2051,True,none
242,CHESS_ru_2016-05-12 14-38-08_2374_2R.JPG,,,Animal,Polar Bear,,,,,5939,3890,5972,3914,5939,3890,5972,3914,True,none
243,CHESS_ru_2016-05-12 14-38-08_2374_2R.JPG,,,Animal,Polar Bear,,,,,5920,3895,5941,3911,5920,3895,5941,3911,True,none
244,CHESS_ru_2016-05-12 14-38-08_2374_2R.JPG,,,Animal,Polar Bear,,,,,5902,3909,5920,3926,5902,3909,5920,3926,True,none
245,CHESS_ru_2016-05-13 10-16-56_0023_1L.JPG,,,Animal,Polar Bear,,,,,1477,862,1509,917,1477,862,1509,917,True,none
246,CHESS_ru_2016-05-13 10-16-57_0024_1L.JPG,,,Animal,Polar Bear,,,,,1516,3858,1550,3905,1516,3858,1550,3905,True,none
247,CHESS_ru_2016-05-13 11-33-21_0855_2R.JPG,,,Animal,Polar Bear,,,,,6118,4694,6159,4730,6118,4694,6159,4730,True,none
248,CHESS_ru_2016-05-13 12-14-24_1226_2R.JPG,,,Animal,Polar Bear,,,,,335,3853,415,3920,335,3853,415,3920,True,none
249,CHESS_ru_2016-05-13 15-06-07_2768_1L.JPG,,,Animal,Polar Bear,,,,,1245,1132,1284,1192,1245,1132,1284,1192,True,none
250,CHESS_ru_2016-05-13 15-06-08_2769_1L.JPG,,,Animal,Polar Bear,,,,,1161,3797,1206,3823,1161,3797,1206,3823,True,none
251,CHESS_ru_2016-05-18 11-43-50_1486_1L.JPG,,,Animal,Polar Bear,,,,,2454,4217,2531,4256,2454,4217,2531,4256,True,none
252,CHESS_ru_2016-05-18 12-24-54_3956_2R.JPG,,,Animal,Polar Bear,,,,,2957,2916,3018,2958,2957,2916,3018,2958,True,none
253,CHESS_ru_2016-05-18 12-34-25_2003_r_3C.JPG,,,Animal,Polar Bear,,,,,4913,3507,4976,3587,4913,3507,4976,3587,True,none
254,CHESS_ru_2016-05-18 12-39-15_2042_r_3C.JPG,,,Animal,Polar Bear,,,,,3747,4063,3785,4130,3747,4063,3785,4130,True,none
255,CHESS_ru_2016-05-18 12-39-15_2042_r_3C.JPG,,,Animal,Polar Bear,,,,,3733,4131,3767,4198,3733,4131,3767,4198,True,none
256,CHESS_ru_2016-05-18 12-39-15_2042_r_3C.JPG,,,Animal,Polar Bear,,,,,3748,4206,3788,4265,3748,4206,3788,4265,True,none
257,CHESS_ru_2016-05-18 12-51-06_4215_2R.JPG,,,Animal,Polar Bear,,,,,6647,4006,6692,4045,6647,4006,6692,4045,True,none
258,CHESS_ru_2016-05-18 13-40-17_2481_r_3C.JPG,,,Animal,Polar Bear,,,,,3911,3183,3947,3281,3911,3183,3947,3281,True,none
259,CHESS2016_N94S_FL8_P__20160415231242.791GMT_COLOR-8-BIT.JPG,,,Animal,Polar Bear,,,,,6241,1281,6389,1395,6241,1281,6389,1395,True,none
